0.0,0.0,1.502653
0.001,0.0,0.502653
0.005,0.0,0.477328
0.005,0.00011111111111111112,0.47640464
0.007,0.00011111111111111112,0.44076592
0.007,0.00022222222222222223,0.43186393
0.012,0.00022222222222222223,0.39010644
0.012,0.0003333333333333333,0.38813475
0.018,0.0003333333333333333,0.37710837
0.018,0.00044444444444444447,0.375562
0.02,0.00044444444444444447,0.36880985
0.02,0.0005555555555555556,0.3648922
0.021,0.0005555555555555556,0.36467916
0.021,0.0006666666666666666,0.35904387
0.024,0.0006666666666666666,0.34849623
0.024,0.0007777777777777777,0.345597
0.025,0.0007777777777777777,0.34450948
0.025,0.0012222222222222222,0.3295246
0.026,0.0012222222222222222,0.32933325
0.026,0.0013333333333333333,0.3286195
0.027,0.0013333333333333333,0.32762375
0.027,0.0014444444444444444,0.3240393
0.028,0.0014444444444444444,0.323537
0.028,0.0016666666666666668,0.32271835
0.03,0.0016666666666666668,0.3214649
0.03,0.0017777777777777779,0.31988394
0.031,0.0017777777777777779,0.31967822
0.031,0.001888888888888889,0.31937286
0.033,0.001888888888888889,0.3188515
0.033,0.002,0.31772798
0.037,0.002,0.31404585
0.037,0.002111111111111111,0.3126295
0.038,0.002111111111111111,0.31234464
0.038,0.0022222222222222222,0.31129748
0.042,0.0022222222222222222,0.30202603
0.042,0.0023333333333333335,0.30142844
0.043,0.0023333333333333335,0.29813564
0.043,0.0024444444444444444,0.29760897
0.046,0.0024444444444444444,0.29628822
0.046,0.0025555555555555557,0.29584077
0.047,0.0025555555555555557,0.29575568
0.047,0.0026666666666666666,0.29556483
0.048,0.0026666666666666666,0.29540136
0.048,0.002777777777777778,0.29530305
0.049,0.002777777777777778,0.29529428
0.049,0.003,0.2938651
0.051,0.003,0.29094183
0.051,0.003111111111111111,0.29093966
0.053,0.003111111111111111,0.2889774
0.053,0.0034444444444444444,0.28778562
0.054,0.0034444444444444444,0.28765598
0.054,0.0035555555555555557,0.28734043
0.055,0.0035555555555555557,0.28649458
0.055,0.0036666666666666666,0.28627735
0.056,0.0036666666666666666,0.28603306
0.056,0.003777777777777778,0.2858614
0.059,0.003777777777777778,0.28376433
0.059,0.0038888888888888888,0.2830081
0.063,0.0038888888888888888,0.2819898
0.063,0.004,0.28164628
0.064,0.004,0.28154078
0.064,0.004111111111111111,0.28151044
0.066,0.004111111111111111,0.280393
0.066,0.004666666666666667,0.27999613
0.068,0.004666666666666667,0.27636883
0.068,0.0047777777777777775,0.27607906
0.069,0.0047777777777777775,0.27599767
0.069,0.004888888888888889,0.27591407
0.071,0.004888888888888889,0.27449638
0.071,0.005,0.2741141
0.075,0.005,0.2696109
0.075,0.005111111111111111,0.26833737
0.076,0.005111111111111111,0.26720878
0.076,0.005222222222222222,0.26714894
0.086,0.005222222222222222,0.26117516
0.086,0.005333333333333333,0.26071796
0.088,0.005333333333333333,0.26056838
0.088,0.005555555555555556,0.25994492
0.089,0.005555555555555556,0.25970763
0.089,0.005666666666666667,0.25963768
0.091,0.005666666666666667,0.25911
0.091,0.0057777777777777775,0.25869796
0.093,0.0057777777777777775,0.2582087
0.093,0.006,0.25774068
0.097,0.006,0.25683838
0.097,0.0064444444444444445,0.25604093
0.1,0.0064444444444444445,0.2553553
0.1,0.006555555555555556,0.25495002
0.104,0.006555555555555556,0.25283706
0.104,0.006666666666666667,0.25261393
0.105,0.006666666666666667,0.25251305
0.105,0.0067777777777777775,0.25220433
0.106,0.0067777777777777775,0.2518996
0.106,0.006888888888888889,0.2516355
0.108,0.006888888888888889,0.25080314
0.108,0.0074444444444444445,0.24843858
0.11,0.0074444444444444445,0.24749747
0.11,0.008444444444444444,0.2460921
0.112,0.008444444444444444,0.2459582
0.112,0.008555555555555556,0.24545187
0.114,0.008555555555555556,0.24367183
0.114,0.008777777777777778,0.24257727
0.115,0.008777777777777778,0.2420503
0.115,0.009111111111111111,0.24070121
0.116,0.009111111111111111,0.24033433
0.116,0.009222222222222222,0.24028173
0.117,0.009222222222222222,0.23967032
0.117,0.009333333333333334,0.23924176
0.126,0.009333333333333334,0.23722601
0.126,0.009444444444444445,0.23676242
0.127,0.009444444444444445,0.23613125
0.127,0.009666666666666667,0.23581216
0.128,0.009666666666666667,0.2357158
0.128,0.009777777777777778,0.23567851
0.129,0.009777777777777778,0.23508127
0.129,0.010222222222222223,0.23368752
0.131,0.010222222222222223,0.23251083
0.131,0.010555555555555556,0.2323517
0.132,0.010555555555555556,0.23219177
0.132,0.010666666666666666,0.23218292
0.134,0.010666666666666666,0.23192869
0.134,0.010888888888888889,0.23118533
0.138,0.010888888888888889,0.22958381
0.138,0.011,0.2293655
0.139,0.011,0.22911122
0.139,0.011333333333333334,0.22774465
0.14,0.011333333333333334,0.22743225
0.14,0.011555555555555555,0.22695082
0.142,0.011555555555555555,0.22668706
0.142,0.011666666666666667,0.22632472
0.144,0.011666666666666667,0.22541414
0.144,0.012,0.22490239
0.145,0.012,0.22397298
0.145,0.012444444444444444,0.22353302
0.147,0.012444444444444444,0.22330262
0.147,0.012888888888888889,0.22225231
0.149,0.012888888888888889,0.22177505
0.149,0.013,0.22168297
0.153,0.013,0.22085951
0.153,0.013222222222222222,0.22080176
0.154,0.013222222222222222,0.22064608
0.154,0.013333333333333334,0.21925157
0.157,0.013333333333333334,0.2184578
0.157,0.013555555555555555,0.21818075
0.159,0.013555555555555555,0.21776843
0.159,0.013777777777777778,0.21708521
0.16,0.013777777777777778,0.21639179
0.16,0.014,0.2161718
0.161,0.014,0.21613695
0.161,0.014222222222222223,0.21597676
0.164,0.014222222222222223,0.21511835
0.164,0.014333333333333333,0.21507949
0.165,0.014333333333333333,0.21465066
0.165,0.014444444444444444,0.21463978
0.166,0.014444444444444444,0.2145954
0.166,0.015444444444444445,0.2125272
0.167,0.015444444444444445,0.2124144
0.167,0.01633333333333333,0.20997398
0.171,0.01633333333333333,0.20918465
0.171,0.016555555555555556,0.20907038
0.172,0.016555555555555556,0.2088772
0.172,0.016888888888888887,0.20802195
0.175,0.016888888888888887,0.20732641
0.175,0.017222222222222222,0.20639487
0.177,0.017222222222222222,0.20615166
0.177,0.017555555555555557,0.20593852
0.18,0.017555555555555557,0.20478483
0.18,0.018333333333333333,0.20345174
0.182,0.018333333333333333,0.20312609
0.182,0.018666666666666668,0.20253906
0.184,0.018666666666666668,0.20244029
0.184,0.01877777777777778,0.20226564
0.186,0.01877777777777778,0.20214614
0.186,0.01888888888888889,0.20195608
0.188,0.01888888888888889,0.2014101
0.188,0.019,0.20132744
0.192,0.019,0.2007849
0.192,0.019444444444444445,0.20025115
0.196,0.019444444444444445,0.19955873
0.196,0.019555555555555555,0.19948667
0.198,0.019555555555555555,0.19929624
0.198,0.02,0.19810031
0.199,0.02,0.19798535
0.199,0.02011111111111111,0.19796315
0.201,0.02011111111111111,0.19765604
0.201,0.020666666666666667,0.1961442
0.202,0.020666666666666667,0.19577572
0.202,0.020777777777777777,0.19561674
0.204,0.020777777777777777,0.19528879
0.204,0.021777777777777778,0.19419111
0.207,0.021777777777777778,0.19401193
0.207,0.022,0.19354047
0.21,0.022,0.19294903
0.21,0.022222222222222223,0.19286199
0.211,0.022222222222222223,0.19276369
0.211,0.02311111111111111,0.19114715
0.213,0.02311111111111111,0.19103767
0.213,0.02322222222222222,0.19099703
0.215,0.02322222222222222,0.19072382
0.215,0.023555555555555555,0.1905912
0.216,0.023555555555555555,0.19020966
0.216,0.023666666666666666,0.19015853
0.217,0.023666666666666666,0.1898988
0.217,0.024,0.18958208
0.218,0.024,0.1895655
0.218,0.024555555555555556,0.18889293
0.219,0.024555555555555556,0.18889102
0.219,0.024666666666666667,0.18871282
0.222,0.024666666666666667,0.18818428
0.222,0.024777777777777777,0.1878256
0.223,0.024777777777777777,0.18773511
0.223,0.024888888888888887,0.18767166
0.224,0.024888888888888887,0.18764475
0.224,0.025,0.18731631
0.226,0.025,0.18701506
0.226,0.025222222222222222,0.18679866
0.229,0.025222222222222222,0.18641515
0.229,0.025444444444444443,0.18610564
0.23,0.025444444444444443,0.18597393
0.23,0.025666666666666667,0.18561849
0.231,0.025666666666666667,0.18550903
0.231,0.026111111111111113,0.18515898
0.232,0.026111111111111113,0.1851551
0.232,0.026222222222222223,0.18505098
0.233,0.026222222222222223,0.18499017
0.233,0.026444444444444444,0.18487735
0.235,0.026444444444444444,0.18465309
0.235,0.026555555555555554,0.18456581
0.238,0.026555555555555554,0.18438055
0.238,0.02711111111111111,0.18353507
0.239,0.02711111111111111,0.18344475
0.239,0.027555555555555555,0.18308866
0.24,0.027555555555555555,0.18308032
0.24,0.027666666666666666,0.18304992
0.241,0.027666666666666666,0.18298753
0.241,0.027777777777777776,0.18288639
0.242,0.027777777777777776,0.18279578
0.242,0.02788888888888889,0.18259674
0.243,0.02788888888888889,0.18254754
0.243,0.02811111111111111,0.18219459
0.244,0.02811111111111111,0.18218414
0.244,0.028888888888888888,0.18123096
0.246,0.028888888888888888,0.1811283
0.246,0.029444444444444443,0.18075001
0.247,0.029444444444444443,0.18065082
0.247,0.029555555555555557,0.18032183
0.25,0.029555555555555557,0.18005356
0.25,0.030111111111111113,0.17963304
0.252,0.030111111111111113,0.17955177
0.252,0.030666666666666665,0.17912503
0.254,0.030666666666666665,0.17886814
0.254,0.03111111111111111,0.17872532
0.256,0.03111111111111111,0.17854796
0.256,0.03155555555555556,0.1780705
0.257,0.03155555555555556,0.17797735
0.257,0.03177777777777778,0.17768735
0.259,0.03177777777777778,0.17734791
0.259,0.03222222222222222,0.17704365
0.26,0.03222222222222222,0.17673638
0.26,0.03233333333333333,0.17669092
0.261,0.03233333333333333,0.17666577
0.261,0.03244444444444444,0.17658557
0.263,0.03244444444444444,0.17635041
0.263,0.03277777777777778,0.17616114
0.264,0.03277777777777778,0.17595254
0.264,0.033,0.17588344
0.265,0.033,0.17585456
0.265,0.033777777777777775,0.17504528
0.268,0.033777777777777775,0.17428935
0.268,0.034444444444444444,0.17407908
0.27,0.034444444444444444,0.17386508
0.27,0.034555555555555555,0.17382267
0.271,0.034555555555555555,0.17374976
0.271,0.034666666666666665,0.17372517
0.272,0.034666666666666665,0.17319557
0.272,0.034888888888888886,0.17295042
0.274,0.034888888888888886,0.17272642
0.274,0.035111111111111114,0.1726419
0.276,0.035111111111111114,0.17247684
0.276,0.035222222222222224,0.17230242
0.277,0.035222222222222224,0.17229734
0.277,0.035555555555555556,0.17206107
0.28,0.035555555555555556,0.17165089
0.28,0.035666666666666666,0.17165053
0.282,0.035666666666666666,0.17154314
0.282,0.03588888888888889,0.17133395
0.283,0.03588888888888889,0.17125714
0.283,0.036,0.17103827
0.284,0.036,0.17095865
0.284,0.03611111111111111,0.17078793
0.286,0.03611111111111111,0.17068198
0.286,0.036555555555555556,0.17047694
0.288,0.036555555555555556,0.17035167
0.288,0.03666666666666667,0.17028539
0.289,0.03666666666666667,0.17026749
0.289,0.03688888888888889,0.17012891
0.29,0.03688888888888889,0.1700147
0.29,0.03755555555555556,0.16979043
0.291,0.03755555555555556,0.16965997
0.291,0.03766666666666667,0.16965924
0.293,0.03766666666666667,0.16959599
0.293,0.03822222222222222,0.16934946
0.294,0.03822222222222222,0.16918147
0.294,0.03855555555555556,0.16872175
0.296,0.03855555555555556,0.16842785
0.296,0.03866666666666667,0.16834143
0.297,0.03866666666666667,0.1683258
0.297,0.03888888888888889,0.16813114
0.299,0.03888888888888889,0.16807963
0.299,0.03911111111111111,0.1680635
0.301,0.03911111111111111,0.1677687
0.301,0.03933333333333333,0.1676591
0.302,0.03933333333333333,0.16763806
0.302,0.03955555555555555,0.1671782
0.305,0.03955555555555555,0.16676712
0.305,0.04044444444444444,0.16628586
0.306,0.04044444444444444,0.16596785
0.306,0.041,0.16557021
0.307,0.041,0.16547978
0.307,0.04122222222222222,0.16498317
0.308,0.04122222222222222,0.16496707
0.308,0.041555555555555554,0.16464825
0.31,0.041555555555555554,0.16459061
0.31,0.042222222222222223,0.16378084
0.311,0.042222222222222223,0.16363782
0.311,0.042666666666666665,0.16342564
0.312,0.042666666666666665,0.16335878
0.312,0.042777777777777776,0.16334759
0.314,0.042777777777777776,0.1632774
0.314,0.043111111111111114,0.1629926
0.316,0.043111111111111114,0.16291483
0.316,0.043555555555555556,0.1627995
0.318,0.043555555555555556,0.16268638
0.318,0.04388888888888889,0.16256352
0.319,0.04388888888888889,0.16245419
0.319,0.04411111111111111,0.16229135
0.32,0.04411111111111111,0.16219579
0.32,0.044222222222222225,0.16208829
0.321,0.044222222222222225,0.16176033
0.321,0.044333333333333336,0.16170391
0.323,0.044333333333333336,0.16123782
0.323,0.04488888888888889,0.16062868
0.324,0.04488888888888889,0.16058102
0.324,0.04522222222222222,0.16037942
0.326,0.04522222222222222,0.16025776
0.326,0.04533333333333334,0.16008197
0.327,0.04533333333333334,0.16005273
0.327,0.04566666666666667,0.1597615
0.328,0.04566666666666667,0.15966506
0.328,0.04633333333333333,0.15893231
0.329,0.04633333333333333,0.1589232
0.329,0.04666666666666667,0.15860982
0.33,0.04666666666666667,0.15856715
0.33,0.04711111111111111,0.15816009
0.331,0.04711111111111111,0.15813874
0.331,0.04722222222222222,0.15805691
0.332,0.04722222222222222,0.1579037
0.332,0.04744444444444444,0.15757793
0.335,0.04744444444444444,0.15737458
0.335,0.04755555555555555,0.15736645
0.337,0.04755555555555555,0.15732369
0.337,0.04777777777777778,0.15697373
0.338,0.04777777777777778,0.15692191
0.338,0.04855555555555555,0.15649739
0.34,0.04855555555555555,0.15648434
0.34,0.04988888888888889,0.15540302
0.341,0.04988888888888889,0.15535285
0.341,0.050333333333333334,0.15513957
0.344,0.050333333333333334,0.15492512
0.344,0.051,0.15458705
0.345,0.051,0.15455003
0.345,0.051555555555555556,0.1543126
0.347,0.051555555555555556,0.15422364
0.347,0.05188888888888889,0.15388027
0.35,0.05188888888888889,0.1535956
0.35,0.05255555555555556,0.15297863
0.351,0.05255555555555556,0.15292054
0.351,0.05277777777777778,0.15243356
0.352,0.05277777777777778,0.1524061
0.352,0.053,0.15239382
0.353,0.053,0.15234803
0.353,0.05311111111111111,0.15232952
0.355,0.05311111111111111,0.15222412
0.355,0.05322222222222222,0.1522127
0.357,0.05322222222222222,0.15211391
0.357,0.05377777777777778,0.15143201
0.358,0.05377777777777778,0.15139118
0.358,0.05388888888888889,0.15138963
0.359,0.05388888888888889,0.15128647
0.359,0.054,0.15126199
0.36,0.054,0.15121774
0.36,0.05444444444444444,0.15089975
0.362,0.05444444444444444,0.15084538
0.362,0.05488888888888889,0.15055345
0.363,0.05488888888888889,0.15045045
0.363,0.05511111111111111,0.15017267
0.365,0.05511111111111111,0.15011796
0.365,0.05522222222222222,0.1501112
0.367,0.05522222222222222,0.1500849
0.367,0.05533333333333333,0.15006526
0.368,0.05533333333333333,0.14992428
0.368,0.05544444444444444,0.14991386
0.37,0.05544444444444444,0.14970368
0.37,0.05611111111111111,0.14928025
0.371,0.05611111111111111,0.14902504
0.371,0.056666666666666664,0.14865172
0.373,0.056666666666666664,0.14853835
0.373,0.05677777777777778,0.14851145
0.374,0.05677777777777778,0.14846557
0.374,0.05688888888888889,0.14837311
0.375,0.05688888888888889,0.14823483
0.375,0.05733333333333333,0.14792155
0.376,0.05733333333333333,0.14790669
0.376,0.058,0.14741941
0.377,0.058,0.14727476
0.377,0.05811111111111111,0.14724109
0.378,0.05811111111111111,0.14722613
0.378,0.058777777777777776,0.14706388
0.38,0.058777777777777776,0.14700632
0.38,0.05988888888888889,0.14618428
0.381,0.05988888888888889,0.14615312
0.381,0.06066666666666667,0.14571553
0.382,0.06066666666666667,0.14564128
0.382,0.06088888888888889,0.14554492
0.384,0.06088888888888889,0.14550546
0.384,0.06111111111111111,0.1453687
0.386,0.06111111111111111,0.1452851
0.386,0.06122222222222222,0.14524013
0.388,0.06122222222222222,0.145229
0.388,0.06166666666666667,0.14496808
0.389,0.06166666666666667,0.14479938
0.389,0.06277777777777778,0.14406951
0.39,0.06277777777777778,0.14404553
0.39,0.063,0.14370005
0.391,0.063,0.14363074
0.391,0.06322222222222222,0.14330038
0.392,0.06322222222222222,0.14326096
0.392,0.06333333333333334,0.14325266
0.393,0.06333333333333334,0.14324713
0.393,0.06388888888888888,0.14284888
0.394,0.06388888888888888,0.1426571
0.394,0.06466666666666666,0.14228226
0.395,0.06466666666666666,0.14213854
0.395,0.06488888888888888,0.14191703
0.399,0.06488888888888888,0.14176913
0.399,0.06522222222222222,0.14157334
0.401,0.06522222222222222,0.14154314
0.401,0.06544444444444444,0.14146072
0.402,0.06544444444444444,0.14123194
0.402,0.06555555555555556,0.14110856
0.403,0.06555555555555556,0.14098768
0.403,0.06577777777777778,0.14094488
0.404,0.06577777777777778,0.14081566
0.404,0.066,0.14071427
0.405,0.066,0.14066246
0.405,0.06633333333333333,0.140206
0.406,0.06633333333333333,0.1401337
0.406,0.06644444444444444,0.14011583
0.407,0.06644444444444444,0.14009257
0.407,0.06677777777777778,0.1399571
0.408,0.06677777777777778,0.13989106
0.408,0.06688888888888889,0.13988318
0.409,0.06688888888888889,0.13983032
0.409,0.06711111111111111,0.13977344
0.41,0.06711111111111111,0.13965207
0.41,0.06722222222222222,0.13960528
0.411,0.06722222222222222,0.13937847
0.411,0.06833333333333333,0.13868459
0.412,0.06833333333333333,0.1386647
0.412,0.06988888888888889,0.1379587
0.413,0.06988888888888889,0.13790438
0.413,0.07,0.13790001
0.414,0.07,0.13789217
0.414,0.07022222222222223,0.13780738
0.416,0.07022222222222223,0.13766493
0.416,0.07033333333333333,0.13761254
0.417,0.07033333333333333,0.13750997
0.417,0.07044444444444445,0.13741024
0.418,0.07044444444444445,0.13736694
0.418,0.07077777777777777,0.13702907
0.419,0.07077777777777777,0.136963
0.419,0.071,0.13689886
0.421,0.071,0.1367907
0.421,0.07122222222222223,0.13654567
0.422,0.07122222222222223,0.13647644
0.422,0.07177777777777777,0.13620757
0.423,0.07177777777777777,0.13617542
0.423,0.07233333333333333,0.1355945
0.424,0.07233333333333333,0.13554412
0.424,0.07266666666666667,0.13542977
0.425,0.07266666666666667,0.13536152
0.425,0.07288888888888889,0.13519868
0.427,0.07288888888888889,0.13501988
0.427,0.073,0.13500921
0.429,0.073,0.13500226
0.429,0.07344444444444445,0.13484156
0.43,0.07344444444444445,0.13467628
0.43,0.07422222222222222,0.13404599
0.431,0.07422222222222222,0.1339163
0.431,0.07444444444444444,0.13380444
0.432,0.07444444444444444,0.13368788
0.432,0.075,0.1330827
0.433,0.075,0.13307807
0.433,0.07511111111111111,0.13306127
0.434,0.07511111111111111,0.13305935
0.434,0.07577777777777778,0.13282257
0.436,0.07577777777777778,0.13278857
0.436,0.07622222222222222,0.13246112
0.438,0.07622222222222222,0.13239992
0.438,0.07633333333333334,0.13235532
0.439,0.07633333333333334,0.13234589
0.439,0.07655555555555556,0.13232741
0.441,0.07655555555555556,0.13214438
0.441,0.07733333333333334,0.13169234
0.442,0.07733333333333334,0.13164279
0.442,0.07744444444444444,0.13163583
0.444,0.07744444444444444,0.1315398
0.444,0.07766666666666666,0.13108347
0.446,0.07766666666666666,0.1310197
0.446,0.07777777777777778,0.13100016
0.447,0.07777777777777778,0.13096726
0.447,0.07855555555555556,0.13040653
0.448,0.07855555555555556,0.13038814
0.448,0.07866666666666666,0.13031682
0.449,0.07866666666666666,0.13030986
0.449,0.07877777777777778,0.13026895
0.45,0.07877777777777778,0.13023159
0.45,0.07977777777777778,0.12963642
0.451,0.07977777777777778,0.12962691
0.451,0.07988888888888888,0.12951082
0.452,0.07988888888888888,0.12948957
0.452,0.08044444444444444,0.1293255
0.453,0.08044444444444444,0.1293078
0.453,0.08055555555555556,0.12929003
0.455,0.08055555555555556,0.12916099
0.455,0.08077777777777778,0.1289595
0.457,0.08077777777777778,0.12882484
0.457,0.081,0.12868614
0.458,0.081,0.12856723
0.458,0.08122222222222222,0.12846369
0.46,0.08122222222222222,0.1283539
0.46,0.08133333333333333,0.12830035
0.462,0.08133333333333333,0.12822984
0.462,0.08144444444444444,0.12806216
0.464,0.08144444444444444,0.1278751
0.464,0.08166666666666667,0.12770532
0.465,0.08166666666666667,0.12768571
0.465,0.08266666666666667,0.12682311
0.466,0.08266666666666667,0.12678549
0.466,0.08288888888888889,0.12674484
0.467,0.08288888888888889,0.1267044
0.467,0.08322222222222223,0.12649822
0.468,0.08322222222222223,0.12634474
0.468,0.08344444444444445,0.12631635
0.47,0.08344444444444445,0.12624097
0.47,0.08355555555555555,0.12605953
0.471,0.08355555555555555,0.12591639
0.471,0.08377777777777778,0.12586938
0.472,0.08377777777777778,0.1258661
0.472,0.08522222222222223,0.12486586
0.473,0.08522222222222223,0.12486533
0.473,0.08566666666666667,0.12459597
0.474,0.08566666666666667,0.12456388
0.474,0.08577777777777777,0.1245479
0.475,0.08577777777777777,0.124544516
0.475,0.08588888888888889,0.124540284
0.476,0.08588888888888889,0.124493316
0.476,0.08666666666666667,0.12431125
0.477,0.08666666666666667,0.12430095
0.477,0.08733333333333333,0.123965696
0.478,0.08733333333333333,0.12394733
0.478,0.08877777777777777,0.12301944
0.479,0.08877777777777777,0.12298622
0.479,0.08911111111111111,0.12278633
0.48,0.08911111111111111,0.122767195
0.48,0.08944444444444444,0.12252096
0.482,0.08944444444444444,0.12251341
0.482,0.08966666666666667,0.122361876
0.483,0.08966666666666667,0.122315414
0.483,0.09011111111111111,0.1222186
0.484,0.09011111111111111,0.12215249
0.484,0.09022222222222222,0.12214766
0.485,0.09022222222222222,0.122147635
0.485,0.09033333333333333,0.122141086
0.486,0.09033333333333333,0.12213024
0.486,0.09277777777777778,0.12115794
0.487,0.09277777777777778,0.121076316
0.487,0.093,0.120904654
0.488,0.093,0.12080962
0.488,0.09333333333333334,0.1207297
0.489,0.09333333333333334,0.120718665
0.489,0.09411111111111112,0.12062762
0.49,0.09411111111111112,0.12060316
0.49,0.09444444444444444,0.12047809
0.491,0.09444444444444444,0.12042033
0.491,0.09522222222222222,0.1201552
0.492,0.09522222222222222,0.12010654
0.492,0.096,0.11969648
0.493,0.096,0.11969225
0.493,0.0961111111111111,0.11959879
0.495,0.0961111111111111,0.11951557
0.495,0.09666666666666666,0.11939643
0.496,0.09666666666666666,0.11932622
0.496,0.0971111111111111,0.11910514
0.497,0.0971111111111111,0.11907939
0.497,0.09755555555555556,0.11902498
0.498,0.09755555555555556,0.11897043
0.498,0.09811111111111111,0.118831076
0.499,0.09811111111111111,0.11882807
0.499,0.09833333333333333,0.11847886
0.5,0.09833333333333333,0.11844909
0.5,0.09844444444444445,0.11842791
0.501,0.09844444444444445,0.11838498
0.501,0.09866666666666667,0.11835145
0.502,0.09866666666666667,0.11834795
0.502,0.09888888888888889,0.11828701
0.503,0.09888888888888889,0.1181829
0.503,0.09922222222222223,0.117868625
0.506,0.09922222222222223,0.117643744
0.506,0.09944444444444445,0.11756799
0.51,0.09944444444444445,0.1174953
0.51,0.1,0.11728446
0.511,0.1,0.11727168
0.511,0.10011111111111111,0.11725165
0.512,0.10011111111111111,0.117220536
0.512,0.10022222222222223,0.11715828
0.514,0.10022222222222223,0.11703274
0.514,0.10133333333333333,0.11667282
0.515,0.10133333333333333,0.11651248
0.515,0.10155555555555555,0.11646399
0.516,0.10155555555555555,0.11644688
0.516,0.10211111111111111,0.11625917
0.517,0.10211111111111111,0.11624913
0.517,0.10288888888888889,0.11603083
0.518,0.10288888888888889,0.115983054
0.518,0.10322222222222223,0.115893185
0.52,0.10322222222222223,0.11581773
0.52,0.10366666666666667,0.11570363
0.521,0.10366666666666667,0.11559064
0.521,0.10444444444444445,0.115231834
0.522,0.10444444444444445,0.11521482
0.522,0.10511111111111111,0.11505248
0.523,0.10511111111111111,0.11499113
0.523,0.10555555555555556,0.11458213
0.524,0.10555555555555556,0.11455988
0.524,0.10566666666666667,0.11450846
0.525,0.10566666666666667,0.114493094
0.525,0.10644444444444444,0.114040725
0.526,0.10644444444444444,0.11402038
0.526,0.1068888888888889,0.11396205
0.528,0.1068888888888889,0.113897994
0.528,0.1078888888888889,0.113460205
0.529,0.1078888888888889,0.11345543
0.529,0.10922222222222222,0.11297967
0.53,0.10922222222222222,0.112950474
0.53,0.11033333333333334,0.1124855
0.531,0.11033333333333334,0.11248512
0.531,0.11066666666666666,0.11234004
0.533,0.11066666666666666,0.11230003
0.533,0.11188888888888888,0.11192815
0.534,0.11188888888888888,0.11192807
0.534,0.11266666666666666,0.111654274
0.535,0.11266666666666666,0.11163937
0.535,0.11277777777777778,0.11162081
0.536,0.11277777777777778,0.11147384
0.536,0.11433333333333333,0.111150354
0.537,0.11433333333333333,0.11114481
0.537,0.11466666666666667,0.111086905
0.539,0.11466666666666667,0.111033216
0.539,0.11511111111111111,0.111021385
0.54,0.11511111111111111,0.111011125
0.54,0.11577777777777777,0.11071532
0.541,0.11577777777777777,0.11070706
0.541,0.11611111111111111,0.11047621
0.542,0.11611111111111111,0.110468574
0.542,0.11633333333333333,0.11027406
0.543,0.11633333333333333,0.11026205
0.543,0.11655555555555555,0.11016806
0.544,0.11655555555555555,0.110102914
0.544,0.117,0.10999877
0.545,0.117,0.109978214
0.545,0.11711111111111111,0.109920986
0.547,0.11711111111111111,0.10991115
0.547,0.11733333333333333,0.10979907
0.548,0.11733333333333333,0.109743424
0.548,0.11755555555555555,0.10970593
0.549,0.11755555555555555,0.1096993
0.549,0.11788888888888889,0.109648705
0.55,0.11788888888888889,0.10963796
0.55,0.11822222222222223,0.10958575
0.551,0.11822222222222223,0.10955613
0.551,0.11866666666666667,0.10953794
0.552,0.11866666666666667,0.109454975
0.552,0.11944444444444445,0.109202355
0.553,0.11944444444444445,0.109121874
0.553,0.11977777777777777,0.108989194
0.554,0.11977777777777777,0.108967155
0.554,0.12033333333333333,0.10881225
0.555,0.12033333333333333,0.10871123
0.555,0.12044444444444445,0.10866404
0.556,0.12044444444444445,0.10865027
0.556,0.12122222222222222,0.1083528
0.558,0.12122222222222222,0.10832435
0.558,0.12133333333333333,0.10827138
0.559,0.12133333333333333,0.10826451
0.559,0.12177777777777778,0.10817822
0.56,0.12177777777777778,0.10817153
0.56,0.12377777777777778,0.107624374
0.561,0.12377777777777778,0.10762243
0.561,0.12611111111111112,0.10653248
0.562,0.12611111111111112,0.106485344
0.562,0.1272222222222222,0.105916336
0.563,0.1272222222222222,0.105863735
0.563,0.12855555555555556,0.10555476
0.564,0.12855555555555556,0.10547711
0.564,0.13133333333333333,0.10475781
0.565,0.13133333333333333,0.10475064
0.565,0.132,0.104632504
0.566,0.132,0.1046207
0.566,0.13455555555555557,0.1038208
0.567,0.13455555555555557,0.10373278
0.567,0.1351111111111111,0.10357324
0.568,0.1351111111111111,0.10354402
0.568,0.1368888888888889,0.103071906
0.569,0.1368888888888889,0.10306797
0.569,0.13766666666666666,0.10283701
0.57,0.13766666666666666,0.1027982
0.57,0.13877777777777778,0.102506906
0.571,0.13877777777777778,0.10249089
0.571,0.1391111111111111,0.10236408
0.572,0.1391111111111111,0.102361284
0.572,0.13944444444444445,0.10217421
0.574,0.13944444444444445,0.10212354
0.574,0.13955555555555554,0.102105245
0.575,0.13955555555555554,0.102069326
0.575,0.1398888888888889,0.10201949
0.577,0.1398888888888889,0.101972505
0.577,0.14055555555555554,0.10175901
0.578,0.14055555555555554,0.10175382
0.578,0.1408888888888889,0.10164206
0.579,0.1408888888888889,0.10158943
0.579,0.14222222222222222,0.10113122
0.58,0.14222222222222222,0.101128094
0.58,0.14266666666666666,0.10103316
0.581,0.14266666666666666,0.10098816
0.581,0.14355555555555555,0.10073526
0.582,0.14355555555555555,0.10063055
0.582,0.14366666666666666,0.1005369
0.583,0.14366666666666666,0.10051153
0.583,0.14377777777777778,0.1005012
0.585,0.14377777777777778,0.10046497
0.585,0.14422222222222222,0.100312404
0.586,0.14422222222222222,0.10030008
0.586,0.145,0.10014653
0.587,0.145,0.100059465
0.587,0.1451111111111111,0.100024484
0.588,0.1451111111111111,0.10000353
0.588,0.14533333333333334,0.0999566
0.589,0.14533333333333334,0.09989153
0.589,0.146,0.099632956
0.592,0.146,0.09944294
0.592,0.1461111111111111,0.09935976
0.593,0.1461111111111111,0.099326104
0.593,0.14722222222222223,0.09892088
0.594,0.14722222222222223,0.09891536
0.594,0.14755555555555555,0.09885325
0.595,0.14755555555555555,0.09883595
0.595,0.14788888888888888,0.098792456
0.596,0.14788888888888888,0.09868903
0.596,0.14988888888888888,0.0981747
0.597,0.14988888888888888,0.09816918
0.597,0.15022222222222223,0.098050654
0.598,0.15022222222222223,0.098016165
0.598,0.15033333333333335,0.0980052
0.599,0.15033333333333335,0.09799545
0.599,0.15155555555555555,0.097485535
0.6,0.15155555555555555,0.09745064
0.6,0.15444444444444444,0.09659543
0.602,0.15444444444444444,0.09653563
0.602,0.15466666666666667,0.09649828
0.603,0.15466666666666667,0.09644223
0.603,0.15488888888888888,0.09633698
0.604,0.15488888888888888,0.09633022
0.604,0.15577777777777777,0.09612657
0.605,0.15577777777777777,0.09608209
0.605,0.15688888888888888,0.0956296
0.606,0.15688888888888888,0.09561027
0.606,0.15722222222222224,0.09555652
0.607,0.15722222222222224,0.09548845
0.607,0.15766666666666668,0.09540234
0.608,0.15766666666666668,0.095388584
0.608,0.158,0.09536306
0.609,0.158,0.09530352
0.609,0.16,0.09476441
0.611,0.16,0.094733775
0.611,0.1602222222222222,0.09469424
0.612,0.1602222222222222,0.09467767
0.612,0.16355555555555557,0.09384731
0.613,0.16355555555555557,0.09381078
0.613,0.16377777777777777,0.093794346
0.614,0.16377777777777777,0.09378255
0.614,0.16455555555555557,0.0935254
0.615,0.16455555555555557,0.093424946
0.615,0.16466666666666666,0.093379654
0.616,0.16466666666666666,0.093361154
0.616,0.16644444444444445,0.09292469
0.617,0.16644444444444445,0.092924215
0.617,0.167,0.09281837
0.618,0.167,0.09274445
0.618,0.16733333333333333,0.09269778
0.619,0.16733333333333333,0.09266153
0.619,0.16855555555555554,0.092349485
0.62,0.16855555555555554,0.09234509
0.62,0.16922222222222222,0.092113346
0.622,0.16922222222222222,0.092085
0.622,0.16966666666666666,0.0920105
0.623,0.16966666666666666,0.09197403
0.623,0.1698888888888889,0.09194953
0.624,0.1698888888888889,0.09194717
0.624,0.1711111111111111,0.09174899
0.625,0.1711111111111111,0.09173695
0.625,0.1731111111111111,0.09132109
0.627,0.1731111111111111,0.091308765
0.627,0.17433333333333334,0.091177076
0.628,0.17433333333333334,0.091164954
0.628,0.17466666666666666,0.091128476
0.629,0.17466666666666666,0.091112055
0.629,0.17555555555555555,0.090872705
0.63,0.17555555555555555,0.090841785
0.63,0.177,0.090488
0.631,0.177,0.09047918
0.631,0.1771111111111111,0.09047606
0.633,0.1771111111111111,0.090393215
0.633,0.1781111111111111,0.090044744
0.634,0.1781111111111111,0.08997063
0.634,0.17833333333333334,0.08993665
0.635,0.17833333333333334,0.08990735
0.635,0.17855555555555555,0.08985039
0.636,0.17855555555555555,0.08981815
0.636,0.17888888888888888,0.08979653
0.637,0.17888888888888888,0.08977985
0.637,0.17922222222222223,0.089616135
0.638,0.17922222222222223,0.08956858
0.638,0.18022222222222223,0.08926186
0.639,0.18022222222222223,0.08924951
0.639,0.1807777777777778,0.0891331
0.64,0.1807777777777778,0.08910884
0.64,0.18222222222222223,0.08865164
0.641,0.18222222222222223,0.0885761
0.641,0.18411111111111111,0.088187374
0.642,0.18411111111111111,0.088179365
0.642,0.18433333333333332,0.08815281
0.643,0.18433333333333332,0.08810608
0.643,0.18455555555555556,0.0880866
0.644,0.18455555555555556,0.08807347
0.644,0.18488888888888888,0.08801033
0.645,0.18488888888888888,0.088007696
0.645,0.18622222222222223,0.08772025
0.646,0.18622222222222223,0.087715305
0.646,0.18655555555555556,0.08768209
0.647,0.18655555555555556,0.08767583
0.647,0.18822222222222224,0.08729204
0.649,0.18822222222222224,0.08723723
0.649,0.18877777777777777,0.087069586
0.65,0.18877777777777777,0.08704964
0.65,0.18977777777777777,0.08687184
0.653,0.18977777777777777,0.08684455
0.653,0.18988888888888888,0.08683392
0.655,0.18988888888888888,0.086826846
0.655,0.19244444444444445,0.08609495
0.656,0.19244444444444445,0.08609257
0.656,0.19277777777777777,0.08597065
0.657,0.19277777777777777,0.08596335
0.657,0.1932222222222222,0.08585335
0.658,0.1932222222222222,0.085773245
0.658,0.19411111111111112,0.085498065
0.659,0.19411111111111112,0.08549559
0.659,0.19444444444444445,0.085383445
0.66,0.19444444444444445,0.08537031
0.66,0.1958888888888889,0.08487169
0.661,0.1958888888888889,0.0848335
0.661,0.19622222222222221,0.08468271
0.662,0.19622222222222221,0.08468215
0.662,0.19777777777777777,0.0843721
0.663,0.19777777777777777,0.08434775
0.663,0.1981111111111111,0.08428351
0.664,0.1981111111111111,0.084278114
0.664,0.2001111111111111,0.08378953
0.665,0.2001111111111111,0.083691075
0.665,0.20033333333333334,0.083668835
0.666,0.20033333333333334,0.08357778
0.666,0.202,0.08329705
0.667,0.202,0.083276354
0.667,0.20466666666666666,0.08254433
0.668,0.20466666666666666,0.0825268
0.668,0.20577777777777778,0.08218381
0.669,0.20577777777777778,0.08217861
0.669,0.20622222222222222,0.082102306
0.67,0.20622222222222222,0.082052745
0.67,0.20633333333333334,0.0820527
0.671,0.20633333333333334,0.082043655
0.671,0.20644444444444446,0.08203993
0.673,0.20644444444444446,0.0818595
0.673,0.20655555555555555,0.08185272
0.674,0.20655555555555555,0.08183242
0.674,0.2068888888888889,0.081816666
0.676,0.2068888888888889,0.08173698
0.676,0.2071111111111111,0.08166762
0.677,0.2071111111111111,0.08165382
0.677,0.2088888888888889,0.0811544
0.678,0.2088888888888889,0.081153885
0.678,0.209,0.081147626
0.679,0.209,0.08109945
0.679,0.20933333333333334,0.08100869
0.68,0.20933333333333334,0.08100564
0.68,0.2098888888888889,0.08094313
0.681,0.2098888888888889,0.0808919
0.681,0.21055555555555555,0.080696926
0.682,0.21055555555555555,0.08067949
0.682,0.21066666666666667,0.080604084
0.683,0.21066666666666667,0.0805508
0.683,0.21155555555555555,0.08033202
0.684,0.21155555555555555,0.080292985
0.684,0.2117777777777778,0.0801803
0.686,0.2117777777777778,0.080125175
0.686,0.21222222222222223,0.08003325
0.687,0.21222222222222223,0.07997564
0.687,0.21755555555555556,0.07886375
0.688,0.21755555555555556,0.07886212
0.688,0.21822222222222223,0.0785784
0.689,0.21822222222222223,0.07851932
0.689,0.2212222222222222,0.07790578
0.69,0.2212222222222222,0.07790364
0.69,0.22233333333333333,0.077739134
0.691,0.22233333333333333,0.07769476
0.691,0.22611111111111112,0.076826915
0.692,0.22611111111111112,0.07682281
0.692,0.22722222222222221,0.07659288
0.693,0.22722222222222221,0.07657599
0.693,0.22844444444444445,0.076334424
0.694,0.22844444444444445,0.076300986
0.694,0.22866666666666666,0.07628199
0.695,0.22866666666666666,0.07626891
0.695,0.22977777777777778,0.07609803
0.696,0.22977777777777778,0.07608745
0.696,0.23,0.07602731
0.697,0.23,0.07601474
0.697,0.2301111111111111,0.075991936
0.698,0.2301111111111111,0.07597114
0.698,0.23133333333333334,0.07578851
0.699,0.23133333333333334,0.07578575
0.699,0.23266666666666666,0.075448446
0.701,0.23266666666666666,0.07542284
0.701,0.23333333333333334,0.075166635
0.702,0.23333333333333334,0.07515247
0.702,0.23366666666666666,0.075110756
0.703,0.23366666666666666,0.075106
0.703,0.234,0.075074285
0.704,0.234,0.075027
0.704,0.23422222222222222,0.07496664
0.705,0.23422222222222222,0.074957974
0.705,0.2358888888888889,0.07462888
0.706,0.2358888888888889,0.074604325
0.706,0.237,0.074404836
0.707,0.237,0.07439729
0.707,0.23744444444444446,0.074284606
0.709,0.23744444444444446,0.07424147
0.709,0.2381111111111111,0.0740879
0.71,0.2381111111111111,0.074071534
0.71,0.23833333333333334,0.07403436
0.712,0.23833333333333334,0.07402387
0.712,0.23966666666666667,0.07380733
0.713,0.23966666666666667,0.07377561
0.713,0.24177777777777779,0.07336316
0.714,0.24177777777777779,0.0733154
0.714,0.24244444444444443,0.07320955
0.715,0.24244444444444443,0.073194355
0.715,0.24255555555555555,0.07316246
0.716,0.24255555555555555,0.073153675
0.716,0.2431111111111111,0.07302455
0.717,0.2431111111111111,0.073022746
0.717,0.24566666666666667,0.0724691
0.718,0.24566666666666667,0.07242599
0.718,0.2457777777777778,0.072408214
0.719,0.2457777777777778,0.07237785
0.719,0.246,0.07234423
0.72,0.246,0.07234359
0.72,0.24833333333333332,0.07164415
0.721,0.24833333333333332,0.07163043
0.721,0.24888888888888888,0.071459904
0.722,0.24888888888888888,0.071428485
0.722,0.24988888888888888,0.071203366
0.723,0.24988888888888888,0.07113529
0.723,0.251,0.0709232
0.724,0.251,0.07091122
0.724,0.25222222222222224,0.070554785
0.725,0.25222222222222224,0.07053407
0.725,0.2531111111111111,0.070377834
0.726,0.2531111111111111,0.07034036
0.726,0.25366666666666665,0.070124954
0.727,0.25366666666666665,0.07011484
0.727,0.2538888888888889,0.07008727
0.728,0.2538888888888889,0.07007933
0.728,0.2541111111111111,0.070057325
0.729,0.2541111111111111,0.07003368
0.729,0.2544444444444444,0.06998636
0.731,0.2544444444444444,0.06997714
0.731,0.25577777777777777,0.06981316
0.732,0.25577777777777777,0.06980236
0.732,0.25633333333333336,0.069701046
0.733,0.25633333333333336,0.06967724
0.733,0.25666666666666665,0.06961482
0.734,0.25666666666666665,0.06961131
0.734,0.25733333333333336,0.0695197
0.735,0.25733333333333336,0.06951792
0.735,0.2594444444444444,0.06915206
0.736,0.2594444444444444,0.06915052
0.736,0.26,0.06909796
0.737,0.26,0.06909204
0.737,0.26022222222222224,0.06907878
0.738,0.26022222222222224,0.06907525
0.738,0.2604444444444444,0.06903334
0.739,0.2604444444444444,0.06896538
0.739,0.26222222222222225,0.06865797
0.74,0.26222222222222225,0.068642035
0.74,0.2628888888888889,0.06853949
0.741,0.2628888888888889,0.068520404
0.741,0.2633333333333333,0.06848481
0.742,0.2633333333333333,0.068468496
0.742,0.2643333333333333,0.0683419
0.743,0.2643333333333333,0.06833711
0.743,0.26466666666666666,0.06819132
0.744,0.26466666666666666,0.06817705
0.744,0.26566666666666666,0.06803562
0.745,0.26566666666666666,0.06803252
0.745,0.26811111111111113,0.067585
0.746,0.26811111111111113,0.067543395
0.746,0.2697777777777778,0.0673075
0.747,0.2697777777777778,0.067277834
0.747,0.2702222222222222,0.067220815
0.748,0.2702222222222222,0.06720055
0.748,0.27111111111111114,0.0671015
0.75,0.27111111111111114,0.067085125
0.75,0.272,0.06702799
0.751,0.272,0.06702207
0.751,0.2743333333333333,0.06651113
0.752,0.2743333333333333,0.06648028
0.752,0.2757777777777778,0.06617238
0.753,0.2757777777777778,0.06615432
0.753,0.2763333333333333,0.06607851
0.754,0.2763333333333333,0.0660597
0.754,0.27666666666666667,0.06600392
0.755,0.27666666666666667,0.0659961
0.755,0.2776666666666667,0.0657173
0.756,0.2776666666666667,0.065684915
0.756,0.27944444444444444,0.06540526
0.757,0.27944444444444444,0.06536348
0.757,0.2842222222222222,0.06456102
0.758,0.2842222222222222,0.06451948
0.758,0.28644444444444445,0.06427727
0.76,0.28644444444444445,0.06423077
0.76,0.2878888888888889,0.063955106
0.761,0.2878888888888889,0.06393798
0.761,0.288,0.06391663
0.762,0.288,0.063914135
0.762,0.28888888888888886,0.063638106
0.763,0.28888888888888886,0.06361959
0.763,0.28988888888888886,0.06337056
0.764,0.28988888888888886,0.06334289
0.764,0.2906666666666667,0.06317119
0.765,0.2906666666666667,0.06316912
0.765,0.29233333333333333,0.062939
0.766,0.29233333333333333,0.06290231
0.766,0.293,0.062806055
0.768,0.293,0.062760875
0.768,0.29433333333333334,0.06252979
0.769,0.29433333333333334,0.06252831
0.769,0.29444444444444445,0.06252615
0.771,0.29444444444444445,0.062515855
0.771,0.2946666666666667,0.062476873
0.772,0.2946666666666667,0.062453438
0.772,0.29555555555555557,0.062295355
0.774,0.29555555555555557,0.06221978
0.774,0.29588888888888887,0.062147886
0.775,0.29588888888888887,0.062143464
0.775,0.29633333333333334,0.062002983
0.776,0.29633333333333334,0.0619915
0.776,0.29655555555555557,0.06192936
0.777,0.29655555555555557,0.061927292
0.777,0.2972222222222222,0.061834294
0.778,0.2972222222222222,0.06182555
0.778,0.29744444444444446,0.06176345
0.78,0.29744444444444446,0.06170021
0.78,0.2976666666666667,0.061644647
0.781,0.2976666666666667,0.06163633
0.781,0.29977777777777775,0.061369464
0.782,0.29977777777777775,0.06135631
0.782,0.30477777777777776,0.06058049
0.783,0.30477777777777776,0.060565934
0.783,0.3048888888888889,0.06056153
0.784,0.3048888888888889,0.06053043
0.784,0.30644444444444446,0.0601437
0.785,0.30644444444444446,0.060134865
0.785,0.308,0.0599374
0.786,0.308,0.059893146
0.786,0.30822222222222223,0.05985103
0.787,0.30822222222222223,0.05985042
0.787,0.31444444444444447,0.058896232
0.788,0.31444444444444447,0.05884766
0.788,0.31522222222222224,0.058688853
0.789,0.31522222222222224,0.058670353
0.789,0.31833333333333336,0.05820555
0.79,0.31833333333333336,0.058189865
0.79,0.3194444444444444,0.05808047
0.791,0.3194444444444444,0.058065645
0.791,0.3204444444444444,0.057878386
0.792,0.3204444444444444,0.057877224
0.792,0.32066666666666666,0.05787149
0.793,0.32066666666666666,0.057865813
0.793,0.3227777777777778,0.05757336
0.794,0.3227777777777778,0.057515126
0.794,0.3233333333333333,0.057397127
0.795,0.3233333333333333,0.0573936
0.795,0.32455555555555554,0.057315886
0.796,0.32455555555555554,0.057293344
0.796,0.32711111111111113,0.05704932
0.797,0.32711111111111113,0.057042632
0.797,0.3283333333333333,0.05675479
0.798,0.3283333333333333,0.056736514
0.798,0.32855555555555555,0.056719646
0.799,0.32855555555555555,0.05670727
0.799,0.33366666666666667,0.055911124
0.8,0.33366666666666667,0.05591076
0.8,0.3337777777777778,0.055909533
0.801,0.3337777777777778,0.05587646
0.801,0.3378888888888889,0.055372607
0.802,0.3378888888888889,0.0553575
0.802,0.339,0.05525774
0.803,0.339,0.055253215
0.803,0.3392222222222222,0.055234358
0.803,0.3407777777777778,0.055075645
0.804,0.3407777777777778,0.055075184
0.804,0.3413333333333333,0.054955658
0.805,0.3413333333333333,0.054930456
0.805,0.34144444444444444,0.0549033
0.806,0.34144444444444444,0.054875936
0.806,0.3438888888888889,0.054511517
0.808,0.3438888888888889,0.054453205
0.808,0.3451111111111111,0.054231133
0.809,0.3451111111111111,0.05420494
0.809,0.3458888888888889,0.054099455
0.81,0.3458888888888889,0.054092456
0.81,0.3472222222222222,0.05396045
0.811,0.3472222222222222,0.053953636
0.811,0.3492222222222222,0.05371275
0.812,0.3492222222222222,0.05370118
0.812,0.3496666666666667,0.05356759
0.813,0.3496666666666667,0.053563617
0.813,0.351,0.0532984
0.814,0.351,0.05328897
0.814,0.3516666666666667,0.053201407
0.815,0.3516666666666667,0.053196974
0.815,0.354,0.052883204
0.816,0.354,0.052867975
0.816,0.35455555555555557,0.05281474
0.817,0.35455555555555557,0.05279409
0.817,0.3571111111111111,0.052564714
0.818,0.3571111111111111,0.05256096
0.818,0.35777777777777775,0.052469265
0.819,0.35777777777777775,0.0524482
0.819,0.3581111111111111,0.052399162
0.82,0.3581111111111111,0.05239678
0.82,0.3592222222222222,0.05227517
0.821,0.3592222222222222,0.05226478
0.821,0.35988888888888887,0.052188914
0.822,0.35988888888888887,0.05217394
0.822,0.3605555555555556,0.05209563
0.823,0.3605555555555556,0.052091558
0.823,0.3606666666666667,0.052085355
0.825,0.3606666666666667,0.05203185
0.825,0.3616666666666667,0.051933534
0.827,0.3616666666666667,0.051913686
0.827,0.3626666666666667,0.05173531
0.828,0.3626666666666667,0.05173478
0.828,0.3636666666666667,0.051606942
0.829,0.3636666666666667,0.051595934
0.829,0.3652222222222222,0.051479425
0.83,0.3652222222222222,0.051473986
0.83,0.3668888888888889,0.051204372
0.831,0.3668888888888889,0.051188238
0.831,0.36766666666666664,0.051103782
0.832,0.36766666666666664,0.051091824
0.832,0.36933333333333335,0.050836626
0.833,0.36933333333333335,0.050830133
0.833,0.37033333333333335,0.050689556
0.834,0.37033333333333335,0.05068454
0.834,0.3708888888888889,0.05060468
0.835,0.3708888888888889,0.050596856
0.835,0.371,0.050587296
0.836,0.371,0.05057773
0.836,0.375,0.050120275
0.837,0.375,0.050118547
0.837,0.37544444444444447,0.050061267
0.838,0.37544444444444447,0.050047215
0.838,0.3768888888888889,0.04991774
0.839,0.3768888888888889,0.049899515
0.839,0.37722222222222224,0.0498644
0.84,0.37722222222222224,0.0498626
0.84,0.37822222222222224,0.04973925
0.841,0.37822222222222224,0.049692668
0.841,0.37877777777777777,0.04963787
0.842,0.37877777777777777,0.049632292
0.842,0.38155555555555554,0.04940311
0.843,0.38155555555555554,0.049387425
0.843,0.3844444444444444,0.048997387
0.844,0.3844444444444444,0.04899634
0.844,0.3864444444444444,0.048688322
0.845,0.3864444444444444,0.048684146
0.845,0.38755555555555554,0.0485632
0.846,0.38755555555555554,0.048496995
0.846,0.39166666666666666,0.04800811
0.847,0.39166666666666666,0.048004523
0.847,0.39411111111111113,0.04775494
0.848,0.39411111111111113,0.04772989
0.848,0.398,0.047233526
0.849,0.398,0.047224607
0.849,0.3982222222222222,0.047168817
0.85,0.3982222222222222,0.047126133
0.85,0.39966666666666667,0.04703714
0.852,0.39966666666666667,0.04701026
0.852,0.3997777777777778,0.04699083
0.853,0.3997777777777778,0.046985604
0.853,0.4008888888888889,0.046874817
0.854,0.4008888888888889,0.046863206
0.854,0.4021111111111111,0.04671221
0.855,0.4021111111111111,0.046708155
0.855,0.4023333333333333,0.046689395
0.856,0.4023333333333333,0.046687342
0.856,0.4031111111111111,0.04663968
0.857,0.4031111111111111,0.046579063
0.857,0.4043333333333333,0.04642555
0.858,0.4043333333333333,0.04641734
0.858,0.40455555555555556,0.046412148
0.859,0.40455555555555556,0.046408065
0.859,0.407,0.046040174
0.86,0.407,0.04602682
0.86,0.4072222222222222,0.046013307
0.861,0.4072222222222222,0.04598612
0.861,0.408,0.04584849
0.862,0.408,0.045843095
0.862,0.4098888888888889,0.045629393
0.863,0.4098888888888889,0.045611892
0.863,0.41,0.045610588
0.864,0.41,0.045608304
0.864,0.41144444444444445,0.04543732
0.865,0.41144444444444445,0.04542108
0.865,0.41333333333333333,0.045237534
0.866,0.41333333333333333,0.045208357
0.866,0.4136666666666667,0.045167748
0.867,0.4136666666666667,0.045157824
0.867,0.41788888888888887,0.044707093
0.868,0.41788888888888887,0.044698387
0.868,0.41844444444444445,0.04460229
0.871,0.41844444444444445,0.04455639
0.871,0.4187777777777778,0.04448932
0.872,0.4187777777777778,0.044466764
0.872,0.419,0.04443238
0.874,0.419,0.04441596
0.874,0.41933333333333334,0.044374965
0.875,0.41933333333333334,0.044372324
0.875,0.4221111111111111,0.044034325
0.876,0.4221111111111111,0.044025946
0.876,0.42288888888888887,0.043955132
0.878,0.42288888888888887,0.043931507
0.878,0.4246666666666667,0.04372637
0.879,0.4246666666666667,0.04370633
0.879,0.42488888888888887,0.043639995
0.88,0.42488888888888887,0.04356832
0.88,0.4301111111111111,0.042884246
0.881,0.4301111111111111,0.04287415
0.881,0.43044444444444446,0.042837787
0.882,0.43044444444444446,0.04281889
0.882,0.4308888888888889,0.042747993
0.883,0.4308888888888889,0.042737506
0.883,0.43266666666666664,0.042358242
0.884,0.43266666666666664,0.042347986
0.884,0.4341111111111111,0.042218078
0.885,0.4341111111111111,0.042214278
0.885,0.4351111111111111,0.04206253
0.886,0.4351111111111111,0.042048726
0.886,0.436,0.041922893
0.887,0.436,0.041913085
0.887,0.43644444444444447,0.041867916
0.888,0.43644444444444447,0.041855115
0.888,0.43844444444444447,0.04151761
0.889,0.43844444444444447,0.041514676
0.889,0.4434444444444444,0.04093527
0.89,0.4434444444444444,0.040918868
0.89,0.44433333333333336,0.040784076
0.892,0.44433333333333336,0.040776756
0.892,0.44655555555555554,0.04056164
0.893,0.44655555555555554,0.040558796
0.893,0.449,0.040207274
0.894,0.449,0.040201932
0.894,0.4504444444444444,0.040009327
0.895,0.4504444444444444,0.039976288
0.895,0.4517777777777778,0.03985706
0.896,0.4517777777777778,0.039854012
0.896,0.45266666666666666,0.039730076
0.897,0.45266666666666666,0.039690312
0.897,0.45411111111111113,0.0395539
0.898,0.45411111111111113,0.039551236
0.898,0.45455555555555555,0.039523102
0.899,0.45455555555555555,0.03950637
0.899,0.46044444444444443,0.038889937
0.9,0.46044444444444443,0.038884576
0.9,0.464,0.03859184
0.901,0.464,0.03859013
0.901,0.4666666666666667,0.03823394
0.902,0.4666666666666667,0.038233202
0.902,0.473,0.037549846
0.903,0.473,0.03753108
0.903,0.4777777777777778,0.03709346
0.904,0.4777777777777778,0.037081804
0.904,0.48033333333333333,0.036771365
0.905,0.48033333333333333,0.036753215
0.905,0.48233333333333334,0.03660184
0.906,0.48233333333333334,0.03659297
0.906,0.48544444444444446,0.03619813
0.908,0.48544444444444446,0.036131233
0.908,0.48966666666666664,0.035720907
0.909,0.48966666666666664,0.035710394
0.909,0.49177777777777776,0.035546474
0.91,0.49177777777777776,0.03554633
0.91,0.49233333333333335,0.0355042
0.911,0.49233333333333335,0.03548244
0.911,0.4968888888888889,0.03506425
0.912,0.4968888888888889,0.035033446
0.912,0.49722222222222223,0.035013
0.913,0.49722222222222223,0.034995075
0.913,0.4991111111111111,0.03481078
0.914,0.4991111111111111,0.034805395
0.914,0.49966666666666665,0.034757107
0.915,0.49966666666666665,0.03475635
0.915,0.5008888888888889,0.03460428
0.916,0.5008888888888889,0.03459415
0.916,0.5027777777777778,0.034345493
0.917,0.5027777777777778,0.03434054
0.917,0.5032222222222222,0.034314882
0.918,0.5032222222222222,0.034296554
0.918,0.5036666666666667,0.034282196
0.919,0.5036666666666667,0.03427041
0.919,0.5083333333333333,0.033857845
0.92,0.5083333333333333,0.03385596
0.92,0.5166666666666667,0.033049807
0.921,0.5166666666666667,0.033048067
0.921,0.526,0.03214423
0.922,0.526,0.03212932
0.922,0.5265555555555556,0.032095164
0.923,0.5265555555555556,0.032094747
0.923,0.5286666666666666,0.031940017
0.924,0.5286666666666666,0.031928334
0.924,0.5361111111111111,0.03129171
0.925,0.5361111111111111,0.031290483
0.925,0.5445555555555556,0.030319743
0.926,0.5445555555555556,0.030305475
0.926,0.5451111111111111,0.030288078
0.927,0.5451111111111111,0.030287027
0.927,0.5454444444444444,0.030253202
0.928,0.5454444444444444,0.03025072
0.928,0.547,0.030155977
0.929,0.547,0.030145975
0.929,0.5475555555555556,0.030098308
0.93,0.5475555555555556,0.030092042
0.93,0.5501111111111111,0.029952763
0.931,0.5501111111111111,0.029934393
0.931,0.5578888888888889,0.029167745
0.932,0.5578888888888889,0.029163789
0.932,0.56,0.028876137
0.933,0.56,0.028851265
0.933,0.5614444444444444,0.02872165
0.934,0.5614444444444444,0.028718919
0.934,0.5635555555555556,0.028568834
0.935,0.5635555555555556,0.028565252
0.935,0.5643333333333334,0.028513575
0.936,0.5643333333333334,0.028507372
0.936,0.5696666666666667,0.028058158
0.937,0.5696666666666667,0.028058155
0.937,0.574,0.027710503
0.938,0.574,0.027709598
0.938,0.5784444444444444,0.02727846
0.939,0.5784444444444444,0.027273675
0.939,0.5856666666666667,0.02669608
0.94,0.5856666666666667,0.026692988
0.94,0.5931111111111111,0.026155565
0.941,0.5931111111111111,0.026152726
0.941,0.5944444444444444,0.026066165
0.942,0.5944444444444444,0.026062557
0.942,0.595,0.026029617
0.943,0.595,0.026019113
0.943,0.5954444444444444,0.026002113
0.944,0.5954444444444444,0.025996897
0.944,0.5992222222222222,0.025682116
0.945,0.5992222222222222,0.025682092
0.945,0.6061111111111112,0.025053296
0.946,0.6061111111111112,0.025050832
0.946,0.609,0.024862789
0.947,0.609,0.02485768
0.947,0.6117777777777778,0.024684634
0.948,0.6117777777777778,0.024683053
0.948,0.6178888888888889,0.024228262
0.949,0.6178888888888889,0.02422768
0.949,0.622,0.023958456
0.95,0.622,0.023955386
0.95,0.6246666666666667,0.023777928
0.951,0.6246666666666667,0.023773206
0.951,0.6271111111111111,0.023671271
0.952,0.6271111111111111,0.023662763
0.952,0.6314444444444445,0.023276648
0.953,0.6314444444444445,0.023266913
0.953,0.6447777777777778,0.022232408
0.954,0.6447777777777778,0.02222189
0.954,0.6487777777777778,0.02201653
0.955,0.6487777777777778,0.021983992
0.955,0.6524444444444445,0.021714607
0.956,0.6524444444444445,0.0217081
0.956,0.6528888888888889,0.021683488
0.957,0.6528888888888889,0.021682218
0.957,0.6627777777777778,0.020765428
0.958,0.6627777777777778,0.020759618
0.958,0.6638888888888889,0.020675594
0.959,0.6638888888888889,0.020668438
0.959,0.6664444444444444,0.020529501
0.96,0.6664444444444444,0.020525051
0.96,0.6665555555555556,0.020521365
0.961,0.6665555555555556,0.020499041
0.961,0.673,0.020108292
0.962,0.673,0.02009725
0.962,0.674,0.020032892
0.963,0.674,0.02003144
0.963,0.6745555555555556,0.019993035
0.964,0.6745555555555556,0.019989053
0.964,0.6765555555555556,0.019828916
0.965,0.6765555555555556,0.019825255
0.965,0.6791111111111111,0.019529194
0.966,0.6791111111111111,0.019508835
0.966,0.6817777777777778,0.01921674
0.967,0.6817777777777778,0.019209038
0.967,0.6842222222222222,0.019022632
0.968,0.6842222222222222,0.019015497
0.968,0.6918888888888889,0.018391766
0.969,0.6918888888888889,0.018382147
0.969,0.696,0.018129949
0.97,0.696,0.018128015
0.97,0.7001111111111111,0.017854346
0.971,0.7001111111111111,0.017838059
0.971,0.7018888888888889,0.017696321
0.972,0.7018888888888889,0.017691642
0.972,0.702,0.017687354
0.973,0.702,0.01768027
0.973,0.7036666666666667,0.017554885
0.974,0.7036666666666667,0.017518876
0.974,0.7111111111111111,0.017020147
0.976,0.7111111111111111,0.016994024
0.976,0.7194444444444444,0.016481014
0.977,0.7194444444444444,0.016478825
0.977,0.7323333333333333,0.015538136
0.978,0.7323333333333333,0.015528385
0.978,0.7424444444444445,0.014872177
0.979,0.7424444444444445,0.014865333
0.979,0.7461111111111111,0.014660238
0.98,0.7461111111111111,0.014648314
0.98,0.7472222222222222,0.0145859225
0.981,0.7472222222222222,0.0145847555
0.981,0.7545555555555555,0.014165661
0.982,0.7545555555555555,0.014163789
0.982,0.7573333333333333,0.0139671
0.983,0.7573333333333333,0.0139606185
0.983,0.7654444444444445,0.013497138
0.984,0.7654444444444445,0.01349273
0.984,0.7693333333333333,0.013271392
0.985,0.7693333333333333,0.013270987
0.985,0.7764444444444445,0.012866803
0.986,0.7764444444444445,0.012864159
0.986,0.7878888888888889,0.012142907
0.987,0.7878888888888889,0.012134531
0.987,0.795,0.011684024
0.988,0.795,0.011677399
0.988,0.8045555555555556,0.011042802
0.989,0.8045555555555556,0.011041312
0.989,0.8074444444444444,0.010888138
0.99,0.8074444444444444,0.010882931
0.99,0.8293333333333334,0.009674287
0.991,0.8293333333333334,0.0096710175
0.991,0.8344444444444444,0.009463448
0.992,0.8344444444444444,0.009461917
0.992,0.8431111111111111,0.008889266
0.993,0.8431111111111111,0.008888371
0.993,0.8551111111111112,0.008075209
0.994,0.8551111111111112,0.008072319
0.994,0.8696666666666667,0.0071880035
0.995,0.8696666666666667,0.007178581
0.995,0.8722222222222222,0.0070640696
0.996,0.8722222222222222,0.007063997
0.996,0.8931111111111111,0.005940124
0.997,0.8931111111111111,0.0059319283
0.997,0.9081111111111111,0.005066806
0.998,0.9081111111111111,0.0050659277
0.998,0.9357777777777778,0.0034693931
0.999,0.9357777777777778,0.003468406
0.999,0.9765555555555555,0.0013481542
1.0,0.9765555555555555,0.0013478833
1.0,1.0,1.2159182e-05
0.0,0.0,1.502653
8767166
667,0.14571553
889,0.115983054
.1807777777777778,0.0891331
56102
876,0.42288888888888887,0.043955132
045555555555556,0.011042802
